Date,Volume
2022/5/31,41135817341 
2022/5/30,33538210634 
2022/5/29,39277993274 
2022/5/28,18093886409 
2022/5/27,35519577634 
2022/5/26,36582005748 
2022/5/25,36774325352 
2022/5/24,27525063551 
2022/5/23,26616506245 
2022/5/22,31483454557 
2022/5/21,21631532270 
2022/5/20,17274840442 
2022/5/19,30749382605 
2022/5/18,33773447707 
2022/5/17,31285268319 
2022/5/16,29101473475 
2022/5/15,32613897286 
2022/5/14,25835372065 
2022/5/13,28579868620 
2022/5/12,42841124537 
2022/5/11,66989173272 
2022/5/10,70388855818 
2022/5/9,59811038817 
2022/5/8,63355494961 
2022/5/7,36763041910 
2022/5/6,24375896406 
2022/5/5,37795577489 
2022/5/4,43106256317 
2022/5/3,36754404490 
2022/5/2,27326943244 
2022/5/1,32922642426 
2022/4/30,27002760110 
2022/4/29,23895713731 
2022/4/28,30882994649 
2022/4/27,33903704907 
2022/4/26,30981015184 
2022/4/25,34569088416 
2022/4/24,35445730570 
2022/4/23,17964398167 
2022/4/22,16138021249 
2022/4/21,28011716745 
2022/4/20,35372786395 
2022/4/19,27819532341 
2022/4/18,25303206547 
2022/4/17,33705182072 
2022/4/16,19087633042 
2022/4/15,16833150693 
2022/4/14,21756855753 
2022/4/13,24342001973 
2022/4/12,27691105228 
2022/4/11,30991500854 
2022/4/10,33949912166 
2022/4/9,17654475582 
2022/4/8,16050772496 
2022/4/7,27215995394 
2022/4/6,26101973106 
2022/4/5,39393395788 
2022/4/4,29640604055 
2022/4/3,32499785455 
2022/4/2,25414397610 
2022/4/1,29336594194 
2022/3/31,38162644287 
2022/3/30,33327427106 
2022/3/29,29333883962 
2022/3/28,31397059069 
2022/3/27,36362175703 
2022/3/26,28160889722 
2022/3/25,16950455995 
2022/3/24,30574413034 
2022/3/23,31042992291 
2022/3/22,25242943069 
2022/3/21,32004652376 
2022/3/20,24615543271 
2022/3/19,20127946682 
2022/3/18,19664853187 
2022/3/17,34421564942 
2022/3/16,22009601093 
2022/3/15,39616916192 
2022/3/14,23934000868 
2022/3/13,24322159070 
2022/3/12,17300745310 
2022/3/11,14616450657 
2022/3/10,26364890465 
2022/3/9,31078064711 
2022/3/8,32284121034 
2022/3/7,25776583476 
2022/3/6,28546143503 
2022/3/5,19745229902 
2022/3/4,16975917450 
2022/3/3,28516271427 
2022/3/2,24967782593 
2022/3/1,29183112630 
2022/2/28,32479047645 
2022/2/27,35690014104 
2022/2/26,23450127612 
2022/2/25,17467554129 
2022/2/24,26545599159 
2022/2/23,46383802093 
2022/2/22,21849073843 
2022/2/21,25493150450 
2022/2/20,29280402798 
2022/2/19,18340576452 
2022/2/18,13736557863 
2022/2/17,23310007704 
2022/2/16,26246662813 
2022/2/15,19792547657 
2022/2/14,22721659051 
2022/2/13,20827783012 
2022/2/12,14741589015 
2022/2/11,18152390304 
2022/2/10,26954925781 
2022/2/9,32142048537 
2022/2/8,23245887300 
2022/2/7,33079398868 
2022/2/6,28641855926 
2022/2/5,16142097334 
2022/2/4,19652846215 
2022/2/3,29412210792 
2022/2/2,18591534769 
2022/2/1,19155189416 
2022/1/31,20288500328 
2022/1/30,20734730465 
2022/1/29,14643548444 
2022/1/28,17194183075 
2022/1/27,22238830523 
2022/1/26,25041426629 
2022/1/25,31324598034 
2022/1/24,26428189594 
2022/1/23,41856658597 
2022/1/22,26017975951 
2022/1/21,39714385405 
2022/1/20,43011992031 
2022/1/19,20382033940 
2022/1/18,23091543258 
2022/1/17,22417209227 
2022/1/16,21690904261 
2022/1/15,17902097845 
2022/1/14,18371348298 
2022/1/13,23577403399 
2022/1/12,47691135082 
2022/1/11,33499938689 
2022/1/10,26327648900 
2022/1/9,32104232331 
2022/1/8,21294384372 
2022/1/7,28066355845 
2022/1/6,84196607520 
2022/1/5,30208048289 
2022/1/4,36851084859 
2022/1/3,42494677905 
2022/1/2,33071628362 
2022/1/1,27951569547 
2021/12/31,24582667004 
2021/12/30,36974172400 
2021/12/29,26686491018 
2021/12/28,30049226299 
2021/12/27,33430376883 
2021/12/26,24324345758 
2021/12/25,20964372926 
2021/12/24,19030650914 
2021/12/23,24367912228 
2021/12/22,28223878108 
2021/12/21,24447979559 
2021/12/20,27055803928 
2021/12/19,30961902129 
2021/12/18,25154053861 
2021/12/17,26098292690 
2021/12/16,32902725329 
2021/12/15,27268150947 
2021/12/14,36541828520 
2021/12/13,34638619079 
2021/12/12,32166727776 
2021/12/11,21939223599 
2021/12/10,25775869261 
2021/12/9,30966005122 
2021/12/8,29603577251 
2021/12/7,28479699446 
2021/12/6,33676814852 
2021/12/5,37707308001 
2021/12/4,37198201161 
2021/12/3,61385677469 
2021/12/2,39789134215 
2021/12/1,32379968686 
2021/11/30,36858195307 
2021/11/29,36708594618 
2021/11/28,32370840356 
2021/11/27,28116886357 
2021/11/26,30560857714 
2021/11/25,41810748221 
2021/11/24,34284016248 
2021/11/23,36635566789 
2021/11/22,37485803899 
2021/11/21,35036121783 
2021/11/20,26123447605 
2021/11/19,30624264863 
2021/11/18,38702407772 
2021/11/17,41388338699 
2021/11/16,39178392930 
2021/11/15,46844335592 
2021/11/14,30558763548 
2021/11/13,25122092191 
2021/11/12,30474228777 
2021/11/11,36084893887 
2021/11/10,35880633236 
2021/11/9,48730828378 
2021/11/8,42357991721 
2021/11/7,41125608330 
2021/11/6,24726754302 
2021/11/5,29094934221 
2021/11/4,30605102446 
2021/11/3,32615846901 
2021/11/2,36124731509 
2021/11/1,37746665647 
2021/10/31,36150572843 
2021/10/30,32241199927 
2021/10/29,32157938616 
2021/10/28,36856881767 
2021/10/27,45257083247 
2021/10/26,43657076893 
2021/10/25,34878965587 
2021/10/24,31064911614 
2021/10/23,27316183882 
2021/10/22,26882546034 
2021/10/21,38434082775 
2021/10/20,45908121370 
2021/10/19,40788955582 
2021/10/18,40471196346 
2021/10/17,38055562075 
2021/10/16,29032367511 
2021/10/15,34250964237 
2021/10/14,51780081801 
2021/10/13,36615791366 
2021/10/12,41684252783 
2021/10/11,41083758949 
2021/10/10,42637331698 
2021/10/9,39527792364 
2021/10/8,32491211414 
2021/10/7,34800873924 
2021/10/6,36807860413 
2021/10/5,49034730168 
2021/10/4,35873904236 
2021/10/3,33383173002 
2021/10/2,26638115879 
2021/10/1,30614346492 
2021/9/30,42850641582 
2021/9/29,31141681925 
2021/9/28,30602359905 
2021/9/27,30214940550 
2021/9/26,30980029059 
2021/9/25,30661222077 
2021/9/24,31604717236 
2021/9/23,42839345714 
2021/9/22,34244064430 
2021/9/21,38139709246 
2021/9/20,48701090088 
2021/9/19,43909845642 
2021/9/18,26967722648 
2021/9/17,28575630451 
2021/9/16,28727713711 
2021/9/15,31764293754 
2021/9/14,30484496466 
2021/9/13,38652152880 
2021/9/12,40969943253 
2021/9/11,27881980161 
2021/9/10,34499835245 
2021/9/9,39154666597 
2021/9/8,38672657013 
2021/9/7,49007762488 
2021/9/6,65210059683 
2021/9/5,38884105426 
2021/9/4,30322676319 
2021/9/3,37471327794 
2021/9/2,43206179619 
2021/9/1,39508070319 
2021/8/31,39139399125 
2021/8/30,34730363427 
2021/8/29,31847007016 
2021/8/28,25889650240 
2021/8/27,28568103401 
2021/8/26,34511076995 
2021/8/25,32666549568 
2021/8/24,32646349931 
2021/8/23,35361168834 
2021/8/22,34305053719 
2021/8/21,25370975378 
2021/8/20,40585205312 
2021/8/19,34706867452 
2021/8/18,37204312299 
2021/8/17,32194123075 
2021/8/16,33451362600 
2021/8/15,32776876610 
2021/8/14,30988958446 
2021/8/13,31211354442 
2021/8/12,31744259539 
2021/8/11,33723620826 
2021/8/10,34319709073 
2021/8/9,33546019517 
2021/8/8,38734079049 
2021/8/7,36302664750 
2021/8/6,40030862141 
2021/8/5,38226483046 
2021/8/4,35185031017 
2021/8/3,25372562724 
2021/8/2,26189830450 
2021/8/1,25595265436 
2021/7/31,26688438115 
2021/7/30,25802845343 
2021/7/29,33072782960 
2021/7/28,27167146027 
2021/7/27,38702404695 
2021/7/26,35097370560 
2021/7/25,51022126212 
2021/7/24,20856685287 
2021/7/23,21664706865 
2021/7/22,22552046192 
2021/7/21,19555230518 
2021/7/20,28203024559 
2021/7/19,23148267245 
2021/7/18,20434789545 
2021/7/17,18787986667 
2021/7/16,18895018942 
2021/7/15,23699476918 
2021/7/14,21300524237 
2021/7/13,21376531210 
2021/7/12,19120856669 
2021/7/11,24321499537 
2021/7/10,20108729370 
2021/7/9,22971873468 
2021/7/8,27436021028 
2021/7/7,29910396946 
2021/7/6,24796027477 
2021/7/5,26501259870 
2021/7/4,26721554282 
2021/7/3,24924307911 
2021/7/2,24383958643 
2021/7/1,38728974942 
2021/6/30,37838957079 
2021/6/29,34059036099 
2021/6/28,37901460044 
2021/6/27,33892523752 
2021/6/26,35511640894 
2021/6/25,38585385521 
2021/6/24,40230904226 
2021/6/23,33123368116 
2021/6/22,46317108925 
2021/6/21,58964353058 
2021/6/20,52809038594 
2021/6/19,36664034054 
2021/6/18,31207279719 
2021/6/17,36200887275 
2021/6/16,37096670047 
2021/6/15,39211635100 
2021/6/14,46420149185 
2021/6/13,43148914673 
2021/6/12,40669112838 
2021/6/11,37924228550 
2021/6/10,38699736985 
2021/6/9,43576032854 
2021/6/8,53972919008 
2021/6/7,49902050442 
2021/6/6,33683936663 
2021/6/5,28913440585 
2021/6/4,35959473399 
2021/6/3,41831090187 
2021/6/2,35460750427 
2021/6/1,33070867190 
2021/5/31,34639423297 
2021/5/30,39009847639 
2021/5/29,31646080921 
2021/5/28,45231013335 
2021/5/27,55200191952 
2021/5/26,43210968721 
2021/5/25,51346735160 
2021/5/24,56211915803 
2021/5/23,67359584098 
2021/5/22,78469274361 
2021/5/21,57377273240 
2021/5/20,82051616861 
2021/5/19,88281943359 
2021/5/18,126358098747 
2021/5/17,56187365084 
2021/5/16,74903638450 
2021/5/15,64047871555 
2021/5/14,59161047474 
2021/5/13,55737497453 
2021/5/12,96721152926 
2021/5/11,75215403907 
2021/5/10,61308396325 
2021/5/9,71776546298 
2021/5/8,65906690347 
2021/5/7,65382980634 
2021/5/6,68434023376 
2021/5/5,69523285106 
2021/5/4,69241316747 
2021/5/3,68564706967 
2021/5/2,51713139031 
2021/5/1,38177405335 
2021/4/30,42836427360 
2021/4/29,52395931985 
2021/4/28,46088929780 
2021/4/27,48000572955 
2021/4/26,49448222757 
2021/4/25,58284039825 
2021/4/24,46117114240 
2021/4/23,49014494781 
2021/4/22,86668667320 
2021/4/21,74798630778 
2021/4/20,54926612466 
2021/4/19,67849323955 
2021/4/18,65344865159 
2021/4/17,97468872758 
2021/4/16,66138759198 
2021/4/15,84293007468 
2021/4/14,60954381579 
2021/4/13,77451779687 
2021/4/12,69983454362 
2021/4/11,51828688519 
2021/4/10,46280252580 
2021/4/9,58238470525 
2021/4/8,46655208546 
2021/4/7,53053855641 
2021/4/6,75645303584 
2021/4/5,66058027988 
2021/4/4,60706272115 
2021/4/3,50749662970 
2021/4/2,59641344484 
2021/4/1,58727860620 
2021/3/31,61669163792 
2021/3/30,65520826225 
2021/3/29,54414116432 
2021/3/28,57625587027 
2021/3/27,47686580918 
2021/3/26,47266542233 
2021/3/25,56652197978 
2021/3/24,67999812841 
2021/3/23,70567223787 
2021/3/22,56435023914 
2021/3/21,56521454974 
2021/3/20,51943414539 
2021/3/19,50361731222 
2021/3/18,49063873786 
2021/3/17,55746041000 
2021/3/16,60258313191 
2021/3/15,59749798599 
2021/3/14,66419369890 
2021/3/13,43901225564 
2021/3/12,60669829814 
2021/3/11,55689944702 
2021/3/10,56772343595 
2021/3/9,57295577614 
2021/3/8,50912227385 
2021/3/7,48597428048 
2021/3/6,43137459378 
2021/3/5,34363564661 
2021/3/4,48625928883 
2021/3/3,52343816680 
2021/3/2,53220811975 
2021/3/1,47530897720 
2021/2/28,53891300112 
2021/2/27,53443887451 
2021/2/26,45910946382 
2021/2/25,350967941479 
2021/2/24,54506565949 
2021/2/23,63695521388 
2021/2/22,106102492824 
2021/2/21,92052420332 
2021/2/20,51897585191 
2021/2/19,68145460026 
2021/2/18,63495496918 
2021/2/17,52054723579 
2021/2/16,80820545404 
2021/2/15,77049582886 
2021/2/14,77069903166 
2021/2/13,71248675228 
2021/2/12,70250456155 
2021/2/11,76555041196 
2021/2/10,81388911810 
2021/2/9,87301089896 
2021/2/8,91809846886 
2021/2/7,101467222687 
2021/2/6,65500641143 
2021/2/5,71326033653 
2021/2/4,58598066402 
2021/2/3,68838074392 
2021/2/2,61166818159 
2021/2/1,63088585433 
2021/1/31,61400400660 
2021/1/30,52754542671 
2021/1/29,65141828798 
2021/1/28,117894572511 
2021/1/27,76517157706 
2021/1/26,62576762015 
2021/1/25,60255421470 
2021/1/24,59897054838 
2021/1/23,48643830599 
2021/1/22,48354737975 
2021/1/21,77207272511 
2021/1/20,75643067688 
2021/1/19,66834573161 
2021/1/18,57244195486 
2021/1/17,49511702429 
2021/1/16,52359854336 
2021/1/15,57706187875 
2021/1/14,67760757881 
2021/1/13,63615990033 
2021/1/12,69364315979 
2021/1/11,74773277909 
2021/1/10,123320567399 
2021/1/9,79980747690 
2021/1/8,61984162837 
2021/1/7,88107519480 
2021/1/6,84762141031 
2021/1/5,75289433811 
2021/1/4,67547324782 
2021/1/3,81163475344 
2021/1/2,78665235202 
2021/1/1,67865420765 
2020/12/31,40730301359 
2020/12/30,46754964848 
2020/12/29,51287442704 
2020/12/28,45265946774 
2020/12/27,49056742893 
2020/12/26,66479895605 
2020/12/25,48332647295 
2020/12/24,42068395846 
2020/12/23,41080759713 
2020/12/22,51146161904 
2020/12/21,44171632681 
2020/12/20,45852713981 
2020/12/19,37844228422 
2020/12/18,38487546580 
2020/12/17,40387896275 
2020/12/16,71378606374 
2020/12/15,44409011479 
2020/12/14,26741982541 
2020/12/13,22473997681 
2020/12/12,25450468637 
2020/12/11,21752580802 
2020/12/10,27919640985 
2020/12/9,25547132265 
2020/12/8,34420373071 
2020/12/7,31692288756 
2020/12/6,26896357742 
2020/12/5,25293775714 
2020/12/4,27242455064 
2020/12/3,33872388058 
2020/12/2,31930317405 
2020/12/1,37387697139 
2020/11/30,49633658712 
2020/11/29,47728480399 
2020/11/28,31133957704 
2020/11/27,32601040734 
2020/11/26,38886494645 
2020/11/25,61396835737 
2020/11/24,43710357371 
2020/11/23,51469565009 
2020/11/22,42741112308 
2020/11/21,41280434226 
2020/11/20,39650210707 
2020/11/19,36992873940 
2020/11/18,36985055355 
2020/11/17,49064800278 
2020/11/16,39006849170 
2020/11/15,31526766675 
2020/11/14,23653867583 
2020/11/13,27481710135 
2020/11/12,31599492172 
2020/11/11,34175758344 
2020/11/10,29772374934 
2020/11/9,25574938143 
2020/11/8,34149115566 
2020/11/7,26632075029 
2020/11/6,35024953706 
2020/11/5,39837841971 
2020/11/4,40856321439 
2020/11/3,35116364962 
2020/11/2,29869951617 
2020/11/1,30771455468 
2020/10/31,24453857900 
2020/10/30,30306464719 
2020/10/29,30581485201 
2020/10/28,56499499598 
2020/10/27,35867318895 
2020/10/26,33749878156 
2020/10/25,29461458313 
2020/10/24,24406920575 
2020/10/23,24542317940 
2020/10/22,28974975003 
2020/10/21,34729759598 
2020/10/20,43414712626 
2020/10/19,30915821592 
2020/10/18,23860769928 
2020/10/17,18283314340 
2020/10/16,19130430174 
2020/10/15,25635480772 
2020/10/14,24487233058 
2020/10/13,24103426719 
2020/10/12,24241420251 
2020/10/11,26163972642 
2020/10/10,19968627060 
2020/10/9,22877978588 
2020/10/8,22799117613 
2020/10/7,63314794397 
2020/10/6,37799458436 
2020/10/5,42623695307 
2020/10/4,47537578009 
2020/10/3,71251776995 
2020/10/2,44660271563 
2020/10/1,48661453918 
2020/9/30,40023134100 
2020/9/29,44171073700 
2020/9/28,46582396602 
2020/9/27,47762394731 
2020/9/26,53745972818 
2020/9/25,46852525493 
2020/9/24,39348590957 
2020/9/23,47144380902 
2020/9/22,23788661867 
2020/9/21,23621787804 
2020/9/20,28884999244 
2020/9/19,24699523788 
2020/9/18,22764204008 
2020/9/17,26341903912 
2020/9/16,38151810523 
2020/9/15,30769986455 
2020/9/14,32509451925 
2020/9/13,35453581940 
2020/9/12,36506852789 
2020/9/11,36750077324 
2020/9/10,45201121775 
2020/9/9,54406443211 
2020/9/8,24128292755 
2020/9/7,33430927462 
2020/9/6,33703098409 
2020/9/5,37071460174 
2020/9/4,44916565292 
2020/9/3,29965130374 
2020/9/2,31927261555 
2020/9/1,28037405299 
2020/8/31,27311555343 
2020/8/30,22285928250 
2020/8/29,19760127945 
2020/8/28,17485597759 
2020/8/27,19807127588 
2020/8/26,23240415076 
2020/8/25,22466660958 
2020/8/24,26301509932 
2020/8/23,20681511755 
2020/8/22,18482062658 
2020/8/21,20224191306 
2020/8/20,23762425999 
2020/8/19,20175242945 
2020/8/18,24502851117 
2020/8/17,26043227672 
2020/8/16,28227687027 
2020/8/15,20583375490 
2020/8/14,23354924400 
2020/8/13,24237958589 
2020/8/12,27522199497 
2020/8/11,25064548486 
2020/8/10,27039782640 
2020/8/9,26114112569 
2020/8/8,17489608833 
2020/8/7,17572057837 
2020/8/6,23132312867 
2020/8/5,23400740340 
2020/8/4,24411254471 
2020/8/3,21250197042 
2020/8/2,20271713443 
2020/8/1,27410067336 
2020/7/31,26075670303 
2020/7/30,23160469766 
2020/7/29,22857247901 
2020/7/28,24617249715 
2020/7/27,28766551142 
2020/7/26,35359749590 
2020/7/25,20507998997 
2020/7/24,16610070933 
2020/7/23,16552768325 
2020/7/22,18146399002 
2020/7/21,16532254884 
2020/7/20,18069581956 
2020/7/19,13755604146 
2020/7/18,12939002784 
2020/7/17,12252601475 
2020/7/16,13944570749 
2020/7/15,15713967523 
2020/7/14,15844731575 
2020/7/13,18085038362 
2020/7/12,17519821266 
2020/7/11,14452361907 
2020/7/10,13249910444 
2020/7/9,16860035605 
2020/7/8,18000702524 
2020/7/7,19702359883 
2020/7/6,13839652595 
2020/7/5,17889263252 
2020/7/4,12903406143 
2020/7/3,12290528515 
2020/7/2,13078970999 
2020/7/1,16338916796 
2020/6/30,15971550355 
2020/6/29,15735797744 
2020/6/28,16460547078 
2020/6/27,14560870760 
2020/6/26,17273093144 
2020/6/25,18341465837 
2020/6/24,18616048626 
2020/6/23,18961716076 
2020/6/22,17006433272 
2020/6/21,21104009514 
2020/6/20,15324301169 
2020/6/19,17130541557 
2020/6/18,19632223107 
2020/6/17,17770083003 
2020/6/16,20177709879 
2020/6/15,21565537209 
2020/6/14,26699704768 
2020/6/13,18991732746 
2020/6/12,17564322315 
2020/6/11,22610564515 
2020/6/10,30247143440 
2020/6/9,25706567601 
2020/6/8,23717842783 
2020/6/7,21486346312 
2020/6/6,25015250846 
2020/6/5,20438419222 
2020/6/4,23509628646 
2020/6/3,25921805072 
2020/6/2,25007459262 
2020/6/1,39137252109 
2020/5/31,35198901068 
2020/5/30,27773290299 
2020/5/29,32722975141 
2020/5/28,32896642044 
2020/5/27,34367073114 
2020/5/26,32740536902 
2020/5/25,29584186947 
2020/5/24,31288157264 
2020/5/23,32518803300 
2020/5/22,27727866812 
2020/5/21,29810773699 
2020/5/20,39326160532 
2020/5/19,36546239703 
2020/5/18,39254288955 
2020/5/17,41827139896 
2020/5/16,40084250663 
2020/5/15,36164766408 
2020/5/14,48158802327 
2020/5/13,56426907637 
2020/5/12,45558144023 
2020/5/11,42142717533 
2020/5/10,57119858802 
2020/5/9,63325279337 
2020/5/8,46566121841 
2020/5/7,51780748042 
2020/5/6,61112700562 
2020/5/5,49371886931 
2020/5/4,43148462663 
2020/5/3,45718796276 
2020/5/2,47101785174 
2020/5/1,40134388683 
2020/4/30,44068389997 
2020/4/29,66964629541 
2020/4/28,60201052203 
2020/4/27,33187959921 
2020/4/26,36162144725 
2020/4/25,33070154491 
2020/4/24,32941541447 
2020/4/23,34636526286 
2020/4/22,43500782316 
2020/4/21,33249153866 
2020/4/20,32589741511 
2020/4/19,37747113936 
2020/4/18,31311210215 
2020/4/17,32447188386 
2020/4/16,32513423567 
2020/4/15,46783242377 
2020/4/14,32288311031 
2020/4/13,34110434052 
2020/4/12,38619308647 
2020/4/11,35759567632 
2020/4/10,31222085946 
2020/4/9,43622840992 
2020/4/8,34815139178 
2020/4/7,37563249549 
2020/4/6,44243482668 
2020/4/5,46896904615 
2020/4/4,29510409856 
2020/4/3,33185988584 
2020/4/2,38976504903 
2020/4/1,47660646124 
2020/3/31,40346426266 
2020/3/30,32786468812 
2020/3/29,37101651525 
2020/3/28,28373690931 
2020/3/27,34885225901 
2020/3/26,34585598367 
2020/3/25,35319797642 
2020/3/24,44590107888 
2020/3/23,48221910672 
2020/3/22,46491916000 
2020/3/21,40099664740 
2020/3/20,42494390880 
2020/3/19,54442976103 
2020/3/18,51000731797 
2020/3/17,37878801016 
2020/3/16,38622642935 
2020/3/15,45368026430 
2020/3/14,33997889639 
2020/3/13,36154506008 
2020/3/12,74156772075 
2020/3/11,53980357243 
2020/3/10,38682762605 
2020/3/9,42213940994 
2020/3/8,46936995808 
2020/3/7,39973102121 
2020/3/6,36216930370 
2020/3/5,40826885651 
2020/3/4,39698054597 
2020/3/3,34746706368 
2020/3/2,42386715821 
2020/3/1,42857674409 
2020/2/29,35349164300 
2020/2/28,35792392544 
2020/2/27,44605450443 
2020/2/26,45470195695 
2020/2/25,50420050762 
2020/2/24,42515259129 
2020/2/23,45080496648 
2020/2/22,41185185761 
2020/2/21,35838025154 
2020/2/20,40930547513 
2020/2/19,44925260237 
2020/2/18,46992019710 
2020/2/17,47271023953 
2020/2/16,45998298413 
2020/2/15,43374780305 
2020/2/14,43865054831 
2020/2/13,43338264162 
2020/2/12,49356071373 
2020/2/11,43444303830 
2020/2/10,37648059389 
2020/2/9,39386548075 
2020/2/8,35807884663 
2020/2/7,35172043762 
2020/2/6,34522718159 
2020/2/5,37628823716 
2020/2/4,35222060874 
2020/2/3,29893183716 
2020/2/2,30934096509 
2020/2/1,30835736946 
2020/1/31,25922656496 
2020/1/30,29432489719 
2020/1/29,32378792851 
2020/1/28,30682598115 
2020/1/27,34398744403 
2020/1/26,28647338393 
2020/1/25,22177678796 
2020/1/24,19647331549 
2020/1/23,24397913026 
2020/1/22,25770680779 
2020/1/21,22600204051 
2020/1/20,24097418512 
2020/1/19,26422375678 
2020/1/18,34217320471 
2020/1/17,32337772627 
2020/1/16,36372139320 
2020/1/15,31313981931 
2020/1/14,40102834650 
2020/1/13,44841784107 
2020/1/12,22482910688 
2020/1/11,22903438381 
2020/1/10,25521165085 
2020/1/9,28714583844 
2020/1/8,24045990466 
2020/1/7,31672559265 
2020/1/6,28767291327 
2020/1/5,23276261598 
2020/1/4,19725074095 
2020/1/3,18444271275 
2020/1/2,28111481032 
2020/1/1,20802083465 
2019/12/31,18565664997 
2019/12/30,21167946112 
2019/12/29,22874131672 
2019/12/28,22445257702 
2019/12/27,21365673026 
2019/12/26,22777360996 
2019/12/25,22787010034 
2019/12/24,21559505149 
2019/12/23,22991622105 
2019/12/22,27831788041 
2019/12/21,23134537956 
2019/12/20,19312552168 
2019/12/19,22633815180 
2019/12/18,25904604416 
2019/12/17,31836522778 
2019/12/16,22363804217 
2019/12/15,20213265950 
2019/12/14,16881129804 
2019/12/13,17137029730 
2019/12/12,17125736940 
2019/12/11,18927080224 
2019/12/10,16350490689 
2019/12/9,18249031195 
2019/12/8,17872021272 
2019/12/7,15409908086 
2019/12/6,15453520564 
2019/12/5,18104466307 
2019/12/4,18816085231 
2019/12/3,21664240918 
2019/12/2,14797485769 
2019/12/1,17082040706 
2019/11/30,18720708479 
2019/11/29,17158194786 
2019/11/28,19709695456 
2019/11/27,19050116751 
2019/11/26,23991412764 
2019/11/25,21129505542 
2019/11/24,42685231262 
2019/11/23,30433517289 
2019/11/22,21008924418 
2019/11/21,34242315785 
2019/11/20,22514243371 
2019/11/19,20764300437 
2019/11/18,21083613816 
2019/11/17,21579470673 
2019/11/16,18668638897 
2019/11/15,16495389808 
2019/11/14,21796856471 
2019/11/13,19084739975 
2019/11/12,17545755405 
2019/11/11,20309769107 
2019/11/10,20265510765 
2019/11/9,20587919881 
2019/11/8,17578630606 
2019/11/7,24333037836 
2019/11/6,22700383839 
2019/11/5,23133895765 
2019/11/4,26198609048 
2019/11/3,26170255634 
2019/11/2,21132220847 
2019/11/1,21242676385 
2019/10/31,24324691031 
2019/10/30,26583653947 
2019/10/29,27706531577 
2019/10/28,28426779937 
2019/10/27,30948255332 
2019/10/26,32593129501 
2019/10/25,44496255609 
2019/10/24,28705065488 
2019/10/23,16268708849 
2019/10/22,21942878958 
2019/10/21,16803377857 
2019/10/20,15868748866 
2019/10/19,15504249442 
2019/10/18,13797825640 
2019/10/17,15651592610 
2019/10/16,14313052244 
2019/10/15,16071646996 
2019/10/14,15220412632 
2019/10/13,15151387859 
2019/10/12,13808286059 
2019/10/11,14532641605 
2019/10/10,19604381101 
2019/10/9,17618660671 
2019/10/8,19384942333 
2019/10/7,15592264032 
2019/10/6,18009742607 
2019/10/5,13160830305 
2019/10/4,12200497197 
2019/10/3,13139456229 
2019/10/2,13668823409 
2019/10/1,13125712443 
2019/9/30,15305343413 
2019/9/29,17115474183 
2019/9/28,13034629109 
2019/9/27,14141152736 
2019/9/26,16408941156 
2019/9/25,19258205289 
2019/9/24,21744728353 
2019/9/23,25002886689 
2019/9/22,15144925408 
2019/9/21,13199651698 
2019/9/20,13425266806 
2019/9/19,14734189639 
2019/9/18,19937691247 
2019/9/17,16169268880 
2019/9/16,15304603363 
2019/9/15,15160167779 
2019/9/14,12043433567 
2019/9/13,13468713124 
2019/9/12,14109864675 
2019/9/11,15323563925 
2019/9/10,15428063426 
2019/9/9,14906809639 
2019/9/8,17595943368 
2019/9/7,13670567493 
2019/9/6,15307366476 
2019/9/5,19536574783 
2019/9/4,14551239508 
2019/9/3,16742664769 
2019/9/2,19384917989 
2019/9/1,17248102294 
2019/8/31,11445355859 
2019/8/30,11454806419 
2019/8/29,13595263986 
2019/8/28,17045878501 
2019/8/27,17603790323 
2019/8/26,14762609503 
2019/8/25,18438654080 
2019/8/24,14153856610 
2019/8/23,15451030650 
2019/8/22,15627023886 
2019/8/21,17097508856 
2019/8/20,19473084768 
2019/8/19,15053082175 
2019/8/18,16038264603 
2019/8/17,12999813869 
2019/8/16,13778035685 
2019/8/15,20228207096 
2019/8/14,22899115082 
2019/8/13,19990838300 
2019/8/12,16681503537 
2019/8/11,13647198229 
2019/8/10,15774371518 
2019/8/9,18125355447 
2019/8/8,18339989960 
2019/8/7,19481591730 
2019/8/6,22194988641 
2019/8/5,23635107660 
2019/8/4,23875988832 
2019/8/3,16530894787 
2019/8/2,15352685061 
2019/8/1,17489094082 
2019/7/31,17165337858 
2019/7/30,16631520648 
2019/7/29,13829811132 
2019/7/28,13791445323 
2019/7/27,13738687093 
2019/7/26,16817809536 
2019/7/25,14495714483 
2019/7/24,15821952090 
2019/7/23,17398734322 
2019/7/22,17851916995 
2019/7/21,16334414913 
2019/7/20,17130580467 
2019/7/19,20206615155 
2019/7/18,20727426310 
2019/7/17,25187024648 
2019/7/16,24569921549 
2019/7/15,24151199070 
2019/7/14,25384047207 
2019/7/13,22486000001 
2019/7/12,21042616384 
2019/7/11,23534692797 
2019/7/10,28595327690 
2019/7/9,33627574244 
2019/7/8,28167921523 
2019/7/7,23482551458 
2019/7/6,19369044277 
2019/7/5,21092024306 
2019/7/4,23838480210 
2019/7/3,25920294033 
2019/7/2,30796494294 
2019/7/1,31015895223 
2019/6/30,29378589324 
2019/6/29,27256473494 
2019/6/28,29923961128 
2019/6/27,35087757766 
2019/6/26,39977475223 
2019/6/25,45105733173 
2019/6/24,24879684533 
2019/6/23,19271652365 
2019/6/22,20998326502 
2019/6/21,29995204861 
2019/6/20,20624008643 
2019/6/19,17846823784 
2019/6/18,15546809946 
2019/6/17,15848210536 
2019/6/16,15562951919 
2019/6/15,23348550311 
2019/6/14,18371033226 
2019/6/13,19831162906 
2019/6/12,18669407147 
2019/6/11,19034432883 
2019/6/10,17107279932 
2019/6/9,18689275117 
2019/6/8,16610726547 
2019/6/7,16522722810 
2019/6/6,19141423231 
2019/6/5,19474611077 
2019/6/4,21760923463 
2019/6/3,24609731549 
2019/6/2,22004511436 
2019/6/1,20266216022 
2019/5/31,22488303544 
2019/5/30,25365190957 
2019/5/29,29246528551 
2019/5/28,23473479966 
2019/5/27,24226919267 
2019/5/26,27949839564 
2019/5/25,26677970091 
2019/5/24,22256813107 
2019/5/23,25919126991 
2019/5/22,24457107820 
2019/5/21,24719473175 
2019/5/20,25127245056 
2019/5/19,23843404340 
2019/5/18,25902422040 
2019/5/17,21354286562 
2019/5/16,30066644905 
2019/5/15,33167197581 
2019/5/14,28344112920 
2019/5/13,32031452227 
2019/5/12,28677672181 
2019/5/11,27773333680 
2019/5/10,28867562329 
2019/5/9,19419875368 
2019/5/8,16784645411 
2019/5/7,15320605300 
2019/5/6,18026409033 
2019/5/5,15737171804 
2019/5/4,14808830723 
2019/5/3,17567780766 
2019/5/2,18720780006 
2019/5/1,14644460907 
2019/4/30,13679528236 
2019/4/29,13878964574 
2019/4/28,13735490672 
2019/4/27,12819992056 
2019/4/26,13111274675 
2019/4/25,16812108040 
2019/4/24,15330283408 
2019/4/23,17048033399 
2019/4/22,15867308108 
2019/4/21,14601631648 
2019/4/20,13731844223 
2019/4/19,13169647522 
2019/4/18,13780238655 
2019/4/17,13256489918 
2019/4/16,12438480677 
2019/4/15,11618660197 
2019/4/14,12290155061 
2019/4/13,10391952498 
2019/4/12,10823289598 
2019/4/11,13675206312 
2019/4/10,16555616019 
2019/4/9,15504590933 
2019/4/8,14722104361 
2019/4/7,17154113634 
2019/4/6,16655416140 
2019/4/5,16929795194 
2019/4/4,16837325387 
2019/4/3,18251810240 
2019/4/2,22899891582 
2019/4/1,21315047816 
2019/3/31,10157794171 
2019/3/30,9045122443 
2019/3/29,9732688060 
2019/3/28,10918665557 
2019/3/27,9353915899 
2019/3/26,10897131934 
2019/3/25,10707678815 
2019/3/24,10359818883 
2019/3/23,9144851065 
2019/3/22,9578850549 
2019/3/21,9252935969 
2019/3/20,10831212662 
2019/3/19,10175916388 
2019/3/18,9344919956 
2019/3/17,9646954186 
2019/3/16,8221625400 
2019/3/15,9856166973 
2019/3/14,9394210605 
2019/3/13,10480789570 
2019/3/12,9469184841 
2019/3/11,9809887079 
2019/3/10,10125901903 
2019/3/9,9713267607 
2019/3/8,10796103518 
2019/3/7,10638638944 
2019/3/6,9584165519 
2019/3/5,9175291529 
2019/3/4,10174126415 
2019/3/3,9029175788 
2019/3/2,7253558152 
2019/3/1,7578786076 
2019/2/28,7661247975 
2019/2/27,8399767798 
2019/2/26,8301309684 
2019/2/25,7931218996 
2019/2/24,9318796067 
2019/2/23,10794227451 
2019/2/22,8922258316 
2019/2/21,7826525254 
2019/2/20,7775128102 
2019/2/19,8693373948 
2019/2/18,9933626655 
2019/2/17,9908216640 
2019/2/16,7039512503 
2019/2/15,5934744052 
2019/2/14,6091952231 
2019/2/13,6271044418 
2019/2/12,6438903823 
2019/2/11,6480384532 
2019/2/10,6277056434 
2019/2/9,6282256903 
2019/2/8,6158833645 
2019/2/7,7735623101 
2019/2/6,5004962683 
2019/2/5,5482196038 
2019/2/4,5227549545 
2019/2/3,5332718886 
2019/2/2,5043937584 
2019/2/1,5071623601 
2019/1/31,5422926707 
2019/1/30,5831198271 
2019/1/29,5955112627 
2019/1/28,5897159493 
2019/1/27,6908930483 
2019/1/26,5570752966 
2019/1/25,5098183235 
2019/1/24,5265847539 
2019/1/23,5262869046 
2019/1/22,5433755649 
2019/1/21,5313623556 
2019/1/20,5004347059 
2019/1/19,5582489560 
2019/1/18,5955691380 
2019/1/17,5002961727 
2019/1/16,5464420383 
2019/1/15,5394457145 
2019/1/14,5537192302 
2019/1/13,5651384490 
2019/1/12,4681302466 
2019/1/11,4778170883 
2019/1/10,5538712865 
2019/1/9,6874143796 
2019/1/8,5115905225 
2019/1/7,5306593305 
2019/1/6,5228625637 
2019/1/5,5597027440 
2019/1/4,5137609824 
2019/1/3,4847965467 
2019/1/2,4530215219 
2019/1/1,5244856836 
2018/12/31,4324200990 
2018/12/30,4661840806 
2018/12/29,4770578575 
2018/12/28,4991655917 
2018/12/27,5631554348 
2018/12/26,5130222366 
2018/12/25,5326547918 
2018/12/24,6158207293 
2018/12/23,7240968501 
2018/12/22,6151275490 
2018/12/21,5605823233 
2018/12/20,7206015706 
2018/12/19,8927129279 
2018/12/18,6810689119 
2018/12/17,5911325473 
2018/12/16,5409247918 
2018/12/15,3744248994 
2018/12/14,3551763561 
2018/12/13,4372763663 
2018/12/12,4343372456 
2018/12/11,4139364829 
2018/12/10,4696765188 
2018/12/9,5020968740 
2018/12/8,4947372847 
2018/12/7,5305024497 
2018/12/6,6835615448 
2018/12/5,5878333109 
2018/12/4,5302481574 
2018/12/3,5028069239 
2018/12/2,5089570994 
2018/12/1,5262697895 
2018/11/30,5375314093 
2018/11/29,6048016717 
2018/11/28,6503347767 
2018/11/27,7280280000 
2018/11/26,5998720000 
2018/11/25,6476900000 
2018/11/24,6825640000 
2018/11/23,4679500000 
2018/11/22,4871490000 
2018/11/21,4569370000 
2018/11/20,6120120000 
2018/11/19,8428290000 
2018/11/18,7039560000 
2018/11/17,4159680000 
2018/11/16,4303150000 
2018/11/15,5279320000 
2018/11/14,7032140000 
2018/11/13,7398940000 
2018/11/12,4503800000 
2018/11/11,4295770000 
2018/11/10,3939060000 
2018/11/9,3705320000 
2018/11/8,4346820000 
2018/11/7,4665260000 
2018/11/6,4941260000 
2018/11/5,4700040000 
2018/11/4,4174800000 
2018/11/3,4390020000 
2018/11/2,3658640000 
2018/11/1,4234870000 
2018/10/31,3789400000 
2018/10/30,4191240000 
2018/10/29,3781100000 
2018/10/28,4199910000 
2018/10/27,3445190000 
2018/10/26,3393250000 
2018/10/25,3306050000 
2018/10/24,3230550000 
2018/10/23,3424670000 
2018/10/22,3716150000 
2018/10/21,3672860000 
2018/10/20,3253610000 
2018/10/19,3379130000 
2018/10/18,3578870000 
2018/10/17,3924080000 
2018/10/16,4088420000 
2018/10/15,4074800000 
2018/10/14,7370770000 
2018/10/13,3085320000 
2018/10/12,3064030000 
2018/10/11,3783500000 
2018/10/10,5181640000 
2018/10/9,3787650000 
2018/10/8,3580810000 
2018/10/7,3979460000 
2018/10/6,3306630000 
2018/10/5,3259740000 
2018/10/4,3671500000 
2018/10/3,3838410000 
2018/10/2,3887310000 
2018/10/1,3979260000 
2018/9/30,4000970000 
2018/9/29,4002280000 
2018/9/28,4363690000 
2018/9/27,5014430000 
2018/9/26,4606810000 
2018/9/25,4437300000 
2018/9/24,4726180000 
2018/9/23,4177310000 
2018/9/22,4197500000 
2018/9/21,4509660000 
2018/9/20,6531940000 
2018/9/19,4348110000 
2018/9/18,4431340000 
2018/9/17,4180090000 
2018/9/16,3910780000 
2018/9/15,3273730000 
2018/9/14,3216300000 
2018/9/13,4076220000 
2018/9/12,4210910000 
2018/9/11,4064230000 
2018/9/10,3849910000 
2018/9/9,3714100000 
2018/9/8,3671890000 
2018/9/7,3835060000 
2018/9/6,4264680000 
2018/9/5,5523470000 
2018/9/4,5800460000 
2018/9/3,4273640000 
2018/9/2,4087760000 
2018/9/1,4329540000 
2018/8/31,4116050000 
2018/8/30,4495650000 
2018/8/29,4463250000 
2018/8/28,4145880000 
2018/8/27,4659940000 
2018/8/26,4019000000 
2018/8/25,3295500000 
2018/8/24,3312600000 
2018/8/23,4097820000 
2018/8/22,3426180000 
2018/8/21,4668110000 
2018/8/20,3377180000 
2018/8/19,3665100000 
2018/8/18,3311170000 
2018/8/17,3984520000 
2018/8/16,4992990000 
2018/8/15,4328420000 
2018/8/14,4895450000 
2018/8/13,5301700000 
2018/8/12,4083980000 
2018/8/11,5665250000 
2018/8/10,4047850000 
2018/8/9,4528680000 
2018/8/8,4267040000 
2018/8/7,5064430000 
2018/8/6,4682800000 
2018/8/5,3925900000 
2018/8/4,3679110000 
2018/8/3,4268390000 
2018/8/2,4627150000 
2018/8/1,4214110000 
2018/7/31,4797620000 
2018/7/30,5287530000 
2018/7/29,5551400000 
2018/7/28,4107190016 
2018/7/27,3988750080 
2018/7/26,5195879936 
2018/7/25,4899089920 
2018/7/24,5845400064 
2018/7/23,7277689856 
2018/7/22,5132480000 
2018/7/21,3695460096 
2018/7/20,3726609920 
2018/7/19,4936869888 
2018/7/18,5111629824 
2018/7/17,6103410176 
2018/7/16,5961950208 
2018/7/15,4725799936 
2018/7/14,3285459968 
2018/7/13,2923670016 
2018/7/12,3805400064 
2018/7/11,3770170112 
2018/7/10,3644859904 
2018/7/9,4052430080 
2018/7/8,3718129920 
2018/7/7,3386210048 
2018/7/6,3961080064 
2018/7/5,4313959936 
2018/7/4,4999240192 
2018/7/3,4176689920 
2018/7/2,4672309760 
2018/7/1,4396930048 
2018/6/30,4788259840 
2018/6/29,4543860224 
2018/6/28,3966230016 
2018/6/27,3467800064 
2018/6/26,3296219904 
2018/6/25,3279759872 
2018/6/24,5500810240 
2018/6/23,4566909952 
2018/6/22,3431360000 
2018/6/21,5079810048 
2018/6/20,3529129984 
2018/6/19,3888640000 
2018/6/18,4057029888 
2018/6/17,4039200000 
2018/6/16,3104019968 
2018/6/15,3194170112 
2018/6/14,3955389952 
2018/6/13,5138710016 
2018/6/12,5052349952 
2018/6/11,4654380032 
2018/6/10,4745269760 
2018/6/9,5804839936 
2018/6/8,3845220096 
2018/6/7,4227579904 
2018/6/6,4485799936 
2018/6/5,4692259840 
2018/6/4,4961739776 
2018/6/3,4993169920 
2018/6/2,4851760128 
2018/6/1,4939299840 
2018/5/31,4921460224 
2018/5/30,5127130112 
2018/5/29,4922540032 
2018/5/28,5662660096 
2018/5/27,5040600064 
2018/5/26,4056519936 
2018/5/25,4051539968 
2018/5/24,4867829760 
2018/5/23,6049220096 
2018/5/22,6491120128 
2018/5/21,5137010176 
2018/5/20,5154990080 
2018/5/19,5191059968 
2018/5/18,4712399872 
2018/5/17,5764190208 
2018/5/16,5862530048 
2018/5/15,6760220160 
2018/5/14,6705710080 
2018/5/13,7364149760 
2018/5/12,5866379776 
2018/5/11,6821380096 
2018/5/10,8488520192 
2018/5/9,6906699776 
2018/5/8,7226890240 
2018/5/7,7415869952 
2018/5/6,7394019840 
2018/5/5,7222280192 
2018/5/4,7651939840 
2018/5/3,8217829888 
2018/5/2,10207299584 
2018/5/1,7558159872 
2018/4/30,7713019904 
2018/4/29,8673920000 
2018/4/28,8853000192 
2018/4/27,7805479936 
2018/4/26,7566289920 
2018/4/25,8970559488 
2018/4/24,11083100160 
2018/4/23,10678800384 
2018/4/22,6925190144 
2018/4/21,6629899776 
2018/4/20,7548550144 
2018/4/19,8438110208 
2018/4/18,7063209984 
2018/4/17,6529909760 
2018/4/16,6900879872 
2018/4/15,5631309824 
2018/4/14,5244480000 
2018/4/13,5191430144 
2018/4/12,7764460032 
2018/4/11,8906250240 
2018/4/10,4641889792 
2018/4/9,4272750080 
2018/4/8,4894060032 
2018/4/7,3652499968 
2018/4/6,3976610048 
2018/4/5,3766810112 
2018/4/4,5639320064 
2018/4/3,4936000000 
2018/4/2,5499700224 
2018/4/1,4333440000 
2018/3/31,4532100096 
2018/3/30,4553269760 
2018/3/29,6289509888 
2018/3/28,6361229824 
2018/3/27,4935289856 
2018/3/26,5378250240 
2018/3/25,5921039872 
2018/3/24,4569880064 
2018/3/23,5664600064 
2018/3/22,5954120192 
2018/3/21,5530390016 
2018/3/20,6043129856 
2018/3/19,6361789952 
2018/3/18,6729110016 
2018/3/17,6639190016 
2018/3/16,4426149888 
2018/3/15,5289379840 
2018/3/14,6834429952 
2018/3/13,6438230016 
2018/3/12,5991139840 
2018/3/11,6457399808 
2018/3/10,6296370176 
2018/3/9,5386319872 
2018/3/8,8704190464 
2018/3/7,7186089984 
2018/3/6,8797910016 
2018/3/5,6832169984 
2018/3/4,6468539904 
2018/3/3,6084149760 
2018/3/2,6690570240 
2018/3/1,7620590080 
2018/2/28,7317279744 
2018/2/27,6936189952 
2018/2/26,6966179840 
2018/2/25,7287690240 
2018/2/24,5706939904 
2018/2/23,6917929984 
2018/2/22,7739500032 
2018/2/21,8040079872 
2018/2/20,9405339648 
2018/2/19,9926540288 
2018/2/18,7652089856 
2018/2/17,8744009728 
2018/2/16,8660880384 
2018/2/15,7296159744 
2018/2/14,9062540288 
2018/2/13,7909819904 
2018/2/12,5696719872 
2018/2/11,6256439808 
2018/2/10,6122189824 
2018/2/9,7780960256 
2018/2/8,6784820224 
2018/2/7,9346750464 
2018/2/6,9169280000 
2018/2/5,13999800320 
2018/2/4,9285289984 
2018/2/3,7073549824 
2018/2/2,7263790080 
2018/2/1,12726899712 
2018/1/31,9959400448 
2018/1/30,8041160192 
2018/1/29,8637859840 
2018/1/28,7107359744 
2018/1/27,8350360064 
2018/1/26,7583269888 
2018/1/25,9746199552 
2018/1/24,8873169920 
2018/1/23,9940989952 
2018/1/22,9660609536 
2018/1/21,10537400320 
2018/1/20,9935179776 
2018/1/19,11801700352 
2018/1/18,10740400128 
2018/1/17,15020399616 
2018/1/16,18830600192 
2018/1/15,18853799936 
2018/1/14,12750799872 
2018/1/13,11084099584 
2018/1/12,12763599872 
2018/1/11,12065699840 
2018/1/10,16534099968 
2018/1/9,18500800512 
2018/1/8,16659999744 
2018/1/7,18413899776 
2018/1/6,15866000384 
2018/1/5,18314600448 
2018/1/4,23840899072 
2018/1/3,21783199744 
2018/1/2,16871900160 
2018/1/1,16846600192 
2017/12/31,10291200000 
2017/12/30,12136299520 
2017/12/29,14452599808 
2017/12/28,13025500160 
2017/12/27,12336499712 
2017/12/26,12487600128 
2017/12/25,13454300160 
2017/12/24,10664699904 
2017/12/23,11572299776 
2017/12/22,13086000128 
2017/12/21,22197999616 
2017/12/20,16516599808 
2017/12/19,22149699584 
2017/12/18,16894499840 
2017/12/17,14839499776 
2017/12/16,13314599936 
2017/12/15,12740599808 
2017/12/14,14309999616 
2017/12/13,13777399808 
2017/12/12,12976900096 
2017/12/11,14603799552 
2017/12/10,12153900032 
2017/12/9,13433299968 
2017/12/8,13911300096 
2017/12/7,21135998976 
2017/12/6,17950699520 
2017/12/5,12656300032 
2017/12/4,6895260160 
2017/12/3,6132409856 
2017/12/2,6608309760 
2017/12/1,5138500096 
2017/11/30,6783119872 
2017/11/29,8310689792 
2017/11/28,11568799744 
2017/11/27,6348819968 
2017/11/26,5653320192 
2017/11/25,5475579904 
2017/11/24,4342060032 
2017/11/23,5058610176 
2017/11/22,4225179904 
2017/11/21,3633530112 
2017/11/20,4277609984 
2017/11/19,3488450048 
2017/11/18,3149319936 
2017/11/17,3667190016 
2017/11/16,4651670016 
2017/11/15,5123809792 
2017/11/14,4200880128 
2017/11/13,3197110016 
2017/11/12,6263249920 
2017/11/11,8957349888 
2017/11/10,4908680192 
2017/11/9,5208249856 
2017/11/8,3226249984 
2017/11/7,4602200064 
2017/11/6,2326340096 
2017/11/5,3111899904 
2017/11/4,2380410112 
2017/11/3,2483800064 
2017/11/2,3369860096 
2017/11/1,4653770240 
2017/10/31,2870320128 
2017/10/30,2311379968 
2017/10/29,1772150016 
2017/10/28,2859040000 
2017/10/27,1403920000 
2017/10/26,1710130048 
2017/10/25,1905040000 
2017/10/24,1966989952 
2017/10/23,2735699968 
2017/10/22,2401840128 
2017/10/21,2034630016 
2017/10/20,2207099904 
2017/10/19,2354429952 
2017/10/18,1780540032 
2017/10/17,2399269888 
2017/10/16,1821570048 
2017/10/15,2008070016 
2017/10/14,1976039936 
2017/10/13,1669030016 
2017/10/12,3615480064 
2017/10/11,2791610112 
2017/10/10,1222279936 
2017/10/9,1597139968 
2017/10/8,1968739968 
2017/10/7,1313869952 
2017/10/6,906928000 
2017/10/5,1069939968 
2017/10/4,1161769984 
2017/10/3,1116770048 
2017/10/2,1288019968 
2017/10/1,1431730048 
2017/9/30,1208210048 
2017/9/29,1207449984 
2017/9/28,1367049984 
2017/9/27,1712320000 
2017/9/26,1686880000 
2017/9/25,1043740032 
2017/9/24,1374210048 
2017/9/23,768014976 
2017/9/22,928113984 
2017/9/21,1194829952 
2017/9/20,1411480064 
2017/9/19,1213830016 
2017/9/18,1563980032 
2017/9/17,1943209984 
2017/9/16,1239149952 
2017/9/15,1818400000 
2017/9/14,4148069888 
2017/9/13,2716310016 
2017/9/12,2219409920 
2017/9/11,1864530048 
2017/9/10,1557330048 
2017/9/9,1679090048 
2017/9/8,1386230016 
2017/9/7,2700890112 
2017/9/6,1844620032 
2017/9/5,2172100096 
2017/9/4,2697969920 
2017/9/3,2987330048 
2017/9/2,1933190016 
2017/9/1,2722139904 
2017/8/31,2599079936 
2017/8/30,1944930048 
2017/8/29,1937849984 
2017/8/28,2486080000 
2017/8/27,1959330048 
2017/8/26,1537459968 
2017/8/25,1511609984 
2017/8/24,1727970048 
2017/8/23,2037750016 
2017/8/22,2369819904 
2017/8/21,3764239872 
2017/8/20,2800890112 
2017/8/19,2109769984 
2017/8/18,2975820032 
2017/8/17,2941710080 
2017/8/16,2553359872 
2017/8/15,2272039936 
2017/8/14,3258050048 
2017/8/13,2463089920 
2017/8/12,3159089920 
2017/8/11,2219589888 
2017/8/10,2021190016 
2017/8/9,1515110016 
2017/8/8,1468960000 
2017/8/7,1752760064 
2017/8/6,1482279936 
2017/8/5,1105030016 
2017/8/4,1945699968 
2017/8/3,1002120000 
2017/8/2,804796992 
2017/8/1,1094950016 
2017/7/31,1324669952 
2017/7/30,860574976 
2017/7/29,705942976 
2017/7/28,803745984 
2017/7/27,1380099968 
2017/7/26,789104000 
2017/7/25,937404032 
2017/7/24,1460089984 
2017/7/23,866473984 
2017/7/22,1072840000 
2017/7/21,1177129984 
2017/7/20,1489449984 
2017/7/19,2249260032 
2017/7/18,1245100032 
2017/7/17,1512450048 
2017/7/16,1201760000 
2017/7/15,1182870016 
2017/7/14,993608000 
2017/7/13,882502976 
2017/7/12,835769984 
2017/7/11,1117410048 
2017/7/10,1329760000 
2017/7/9,1111200000 
2017/7/8,527856000 
2017/7/7,733329984 
2017/7/6,917411968 
2017/7/5,761956992 
2017/7/4,941566016 
2017/7/3,985516032 
2017/7/2,964112000 
2017/7/1,803747008 
2017/6/30,779913984 
2017/6/29,860273024 
2017/6/28,949979008 
2017/6/27,1183869952 
2017/6/26,1489789952 
2017/6/25,1663280000 
2017/6/24,1161100032 
2017/6/23,982750016 
2017/6/22,961318976 
2017/6/21,1097939968 
2017/6/20,1626579968 
2017/6/19,1854189952 
2017/6/18,1446840064 
2017/6/17,1178659968 
2017/6/16,1534509952 
2017/6/15,1195190016 
2017/6/14,2026259968 
2017/6/13,1696560000 
2017/6/12,1781200000 
2017/6/11,2569530112 
2017/6/10,1752400000 
2017/6/9,2018889984 
2017/6/8,1348950016 
2017/6/7,1281170048 
2017/6/6,1517709952 
2017/6/5,2089609984 
2017/6/4,1369309952 
2017/6/3,1355120000 
2017/6/2,1514950016 
2017/6/1,1317030016 
2017/5/31,1653180032 
2017/5/30,1544829952 
2017/5/29,1443970048 
2017/5/28,994625024 
2017/5/27,1147139968 
2017/5/26,1700480000 
2017/5/25,1763480064 
2017/5/24,2406700032 
2017/5/23,1725379968 
2017/5/22,1378749952 
2017/5/21,1942220032 
2017/5/20,1147859968 
2017/5/19,961336000 
2017/5/18,1157289984 
2017/5/17,894321024 
2017/5/16,1064729984 
2017/5/15,959044992 
2017/5/14,731529024 
2017/5/13,437196000 
2017/5/12,579635008 
2017/5/11,740984000 
2017/5/10,799489984 
2017/5/9,915723008 
2017/5/8,1167920000 
2017/5/7,1340320000 
2017/5/6,1080029952 
2017/5/5,582529984 
2017/5/4,946035968 
2017/5/3,933548992 
2017/5/2,583795968 
2017/5/1,477337984 
2017/4/30,713624000 
2017/4/29,413115008 
2017/4/28,422705984 
2017/4/27,527488992 
2017/4/26,449196992 
2017/4/25,329631008 
2017/4/24,242556000 
2017/4/23,235806000 
2017/4/22,258951008 
2017/4/21,249320000 
2017/4/20,272167008 
2017/4/19,315108000 
2017/4/18,288060992 
2017/4/17,270524000 
2017/4/16,253206000 
2017/4/15,183231008 
2017/4/14,203559008 
2017/4/13,254827008 
2017/4/12,351968992 
2017/4/11,288702016 
2017/4/10,216182000 
2017/4/9,215883008 
2017/4/8,242343008 
2017/4/7,209312000 
2017/4/6,317022016 
2017/4/5,511222016 
2017/4/4,414784000 
2017/4/3,436310016 
2017/4/2,580444032 
2017/4/1,514187008 
2017/3/31,289633984 
2017/3/30,447287008 
2017/3/29,352968992 
2017/3/28,298457984 
2017/3/27,326332000 
2017/3/26,372535008 
2017/3/25,303668000 
2017/3/24,435803008 
2017/3/23,491038016 
2017/3/22,248540000 
2017/3/21,380840992 
2017/3/20,337391008 
2017/3/19,286529984 
2017/3/18,406648000 
2017/3/17,621302016 
2017/3/16,706598976 
2017/3/15,638568000 
2017/3/14,297804992 
2017/3/13,245306000 
2017/3/12,380276992 
2017/3/11,227176000 
2017/3/10,283320000 
2017/3/9,563795968 
2017/3/8,212283008 
2017/3/7,332603008 
2017/3/6,291256000 
2017/3/5,153656992 
2017/3/4,134127000 
2017/3/3,183270000 
2017/3/2,315739008 
2017/3/1,368275008 
2017/2/28,229056992 
2017/2/27,184956000 
2017/2/26,131570000 
2017/2/25,116486000 
2017/2/24,139960992 
2017/2/23,330759008 
2017/2/22,189454000 
2017/2/21,136100000 
2017/2/20,186868992 
2017/2/19,109478000 
2017/2/18,77423296 
2017/2/17,99073504 
2017/2/16,136474000 
2017/2/15,122277000 
2017/2/14,89759400 
2017/2/13,137946000 
2017/2/12,100607000 
2017/2/11,67530000 
2017/2/10,102261000 
2017/2/9,190452000 
2017/2/8,407220000 
2017/2/7,201855008 
2017/2/6,146007008 
2017/2/5,111762000 
2017/2/4,114208000 
2017/2/3,155064000 
2017/2/2,201278000 
2017/2/1,145820992 
2017/1/31,150110000 
2017/1/30,164582000 
2017/1/29,78227296 
2017/1/28,60851700 
2017/1/27,68979600 
2017/1/26,125594000 
2017/1/25,131958000 
2017/1/24,120831000 
2017/1/23,111349000 
2017/1/22,73588600 
2017/1/21,116573000 
2017/1/20,111158000 
2017/1/19,86728400 
2017/1/18,105625000 
2017/1/17,225676992 
2017/1/16,155095008 
2017/1/15,82755200 
2017/1/14,71013600 
2017/1/13,93063296 
2017/1/12,168968000 
2017/1/11,222326000 
2017/1/10,310928992 
2017/1/9,115808000 
2017/1/8,141876992 
2017/1/7,158715008 
2017/1/6,279550016 
2017/1/5,351876000 
2017/1/4,510199008 
2017/1/3,344945984 
2017/1/2,185168000 
2017/1/1,222184992 
2016/12/31,147775008 
2016/12/30,99135104 
2016/12/29,187474000 
2016/12/28,199320000 
2016/12/27,236630000 
2016/12/26,167308000 
2016/12/25,123771000 
2016/12/24,143664992 
2016/12/23,137727008 
2016/12/22,275564000 
2016/12/21,200027008 
2016/12/20,155576000 
2016/12/19,99629296 
2016/12/18,74886400 
2016/12/17,60524400 
2016/12/16,78989800 
2016/12/15,83608200 
2016/12/14,81580096 
2016/12/13,75979000 
2016/12/12,81645600 
2016/12/11,76571000 
2016/12/10,57313400 
2016/12/9,53843100 
2016/12/8,68705296 
2016/12/7,80111904 
2016/12/6,96426096 
2016/12/5,116218000 
2016/12/4,106363000 
2016/12/3,60557900 
2016/12/2,69547296 
2016/12/1,127605000 
2016/11/30,80461904 
2016/11/29,84070800 
2016/11/28,68511104 
2016/11/27,61888600 
2016/11/26,52601800 
2016/11/25,54962700 
2016/11/24,67807600 
2016/11/23,85919296 
2016/11/22,76543800 
2016/11/21,129906000 
2016/11/20,60802400 
2016/11/19,154116000 
2016/11/18,110608000 
2016/11/17,87363104 
2016/11/16,108579000 
2016/11/15,141294000 
2016/11/14,72038496 
2016/11/13,62993000 
2016/11/12,80318096 
2016/11/11,64622500 
2016/11/10,63119700 
2016/11/9,68807800 
2016/11/8,132429000 
2016/11/7,79660800 
2016/11/6,65047100 
2016/11/5,59902200 
2016/11/4,53752300 
2016/11/3,99907696 
2016/11/2,172808000 
2016/11/1,84865200 
2016/10/31,130527000 
2016/10/30,97064400 
2016/10/29,100665000 
2016/10/28,134760992 
2016/10/27,81145504 
2016/10/26,96105296 
2016/10/25,88877104 
2016/10/24,90378800 
2016/10/23,62218200 
2016/10/22,54474600 
2016/10/21,78556496 
2016/10/20,55951000 
2016/10/19,56957300 
2016/10/18,69381696 
2016/10/17,65546700 
2016/10/16,58063600 
2016/10/15,40298100 
2016/10/14,39035400 
2016/10/13,58144600 
2016/10/12,61620700 
2016/10/11,92370200 
2016/10/10,103590000 
2016/10/9,67481104 
2016/10/8,39243400 
2016/10/7,42345900 
2016/10/6,64071400 
2016/10/5,56812100 
2016/10/4,68077504 
2016/10/3,49801600 
2016/10/2,46798300 
2016/10/1,39249800 
2016/9/30,56357000 
2016/9/29,56122400 
2016/9/28,55658600 
2016/9/27,48722600 
2016/9/26,49422400 
2016/9/25,59153800 
2016/9/24,33977800 
2016/9/23,35359500 
2016/9/22,51067000 
2016/9/21,67085300 
2016/9/20,82776200 
2016/9/19,72710896 
2016/9/18,54796400 
2016/9/17,48679400 
2016/9/16,37140300 
2016/9/15,64963400 
2016/9/14,59464600 
2016/9/13,47877700 
2016/9/12,86920600 
2016/9/11,72812304 
2016/9/10,73610800 
2016/9/9,45016800 
2016/9/8,64550200 
2016/9/7,86713000 
2016/9/6,75032400 
2016/9/5,78529104 
2016/9/4,82446800 
2016/9/3,97942896 
2016/9/2,159014000 
2016/9/1,79910800 
2016/8/31,76923400 
2016/8/30,75840896 
2016/8/29,70342400 
2016/8/28,110398000 
2016/8/27,86301600 
2016/8/26,59698300 
2016/8/25,48856800 
2016/8/24,136130000 
2016/8/23,56328200 
2016/8/22,85349200 
2016/8/21,72844000 
2016/8/20,38299400 
2016/8/19,45301400 
2016/8/18,50631600 
2016/8/17,59896600 
2016/8/16,54443000 
2016/8/15,58405200 
2016/8/14,57262300 
2016/8/13,60851100 
2016/8/12,43563000 
2016/8/11,69218000 
2016/8/10,74514400 
2016/8/9,102905000 
2016/8/8,92228096 
2016/8/7,61194100 
2016/8/6,82398400 
2016/8/5,80797296 
2016/8/4,66127900 
2016/8/3,125292000 
2016/8/2,207982000 
2016/8/1,330932992 
2016/7/31,121887000 
2016/7/30,110818000 
2016/7/29,38456100 
2016/7/28,60703500 
2016/7/27,86428400 
2016/7/26,147460992 
2016/7/25,225135008 
2016/7/24,78176496 
2016/7/23,118184000 
2016/7/22,69532200 
2016/7/21,134169000 
2016/7/20,60491800 
2016/7/19,94636400 
2016/7/18,61203300 
2016/7/17,69465000 
2016/7/16,74407904 
2016/7/15,50330200 
2016/7/14,81673104 
2016/7/13,98511400 
2016/7/12,131449000 
2016/7/11,138172992 
2016/7/10,107910000 
2016/7/9,102532000 
2016/7/8,180536000 
2016/7/7,141970000 
2016/7/6,258091008 
2016/7/5,134960992 
2016/7/4,130476000 
2016/7/3,92008400 
2016/7/2,129512000 
2016/7/1,112354000 
2016/6/30,134431008 
2016/6/29,138980000 
2016/6/28,142456000 
2016/6/27,138384992 
2016/6/26,122134000 
2016/6/25,109225000 
2016/6/24,126656000 
2016/6/23,224316992 
2016/6/22,253462000 
2016/6/21,266392992 
2016/6/20,309944000 
2016/6/19,174511008 
2016/6/18,136184992 
2016/6/17,252718000 
2016/6/16,363320992 
2016/6/15,271633984 
2016/6/14,99223800 
2016/6/13,186694000 
2016/6/12,243295008 
2016/6/11,277084992 
2016/6/10,82357000 
2016/6/9,66991900 
2016/6/8,71301000 
2016/6/7,80265800 
2016/6/6,107770000 
2016/6/5,72138896 
2016/6/4,68874096 
2016/6/3,94925296 
2016/6/2,122020000 
2016/6/1,60378200 
2016/5/31,86061800 
2016/5/30,138450000 
2016/5/29,87958704 
2016/5/28,148736992 
2016/5/27,181199008 
2016/5/26,164780992 
2016/5/25,65203800 
2016/5/24,65231000 
2016/5/23,65783100 
2016/5/22,50582500 
2016/5/21,39657600 
2016/5/20,42762300 
2016/5/19,81987904 
2016/5/18,96027400 
2016/5/17,86850096 
2016/5/16,64100300 
2016/5/15,59171500 
2016/5/14,28514000 
2016/5/13,37209000 
2016/5/12,60845000 
2016/5/11,59849300 
2016/5/10,50605200 
2016/5/9,58956100 
2016/5/8,55493100 
2016/5/7,40315000 
2016/5/6,38364500 
2016/5/5,72796800 
2016/5/4,50440800 
2016/5/3,50407300 
2016/5/2,59366400 
2016/5/1,92127000 
2016/4/30,40660100 
2016/4/29,69322600 
2016/4/28,49258500 
2016/4/27,74064704 
2016/4/26,93564896 
2016/4/25,78971904 
2016/4/24,87091800 
2016/4/23,68198400 
2016/4/22,50485400 
2016/4/21,58804400 
2016/4/20,68204704 
2016/4/19,72890096 
2016/4/18,52810500 
2016/4/17,55670900 
2016/4/16,52125900 
2016/4/15,39392800 
2016/4/14,54801500 
2016/4/13,45281000 
2016/4/12,69060400 
2016/4/11,70728800 
2016/4/10,50747500 
2016/4/9,73478600 
2016/4/8,49792700 
2016/4/7,63454700 
2016/4/6,57858600 
2016/4/5,59091000 
2016/4/4,60718000 
2016/4/3,50634300 
2016/4/2,38053700 
2016/4/1,45681200 
2016/3/31,51235700 
2016/3/30,60215200 
2016/3/29,66034100 
2016/3/28,75411504 
2016/3/27,68522800 
2016/3/26,71229400 
2016/3/25,44650400 
2016/3/24,52560000 
2016/3/23,68346704 
2016/3/22,61444200 
2016/3/21,66813300 
2016/3/20,61655400 
2016/3/19,45947900 
2016/3/18,58423000 
2016/3/17,104940000 
2016/3/16,83528600 
2016/3/15,65185800 
2016/3/14,66781700 
2016/3/13,95259400 
2016/3/12,74322800 
2016/3/11,92712896 
2016/3/10,73969696 
2016/3/9,81022896 
2016/3/8,70012304 
2016/3/7,70311696 
2016/3/6,85762400 
2016/3/5,91212496 
2016/3/4,135384992 
2016/3/3,90856096 
2016/3/2,100484000 
2016/3/1,74955296 
2016/2/29,74895800 
2016/2/28,60694700 
2016/2/27,53033400 
2016/2/26,41893600 
2016/2/25,61486000 
2016/2/24,70798000 
2016/2/23,67743696 
2016/2/22,85244896 
2016/2/21,85385200 
2016/2/20,89820704 
2016/2/19,93992096 
2016/2/18,55711300 
2016/2/17,76752600 
2016/2/16,83193600 
2016/2/15,73093104 
2016/2/14,74070496 
2016/2/13,74469800 
2016/2/12,61911700 
2016/2/11,67042800 
2016/2/10,74375600 
2016/2/9,85130896 
2016/2/8,55318500 
2016/2/7,47671100 
2016/2/6,37076300 
2016/2/5,49249300 
2016/2/4,43825000 
2016/2/3,69285504 
2016/2/2,45933400 
2016/2/1,40378700 
2016/1/31,51656700 
2016/1/30,37894300 
2016/1/29,30284400 
2016/1/28,86125296 
2016/1/27,59247900 
2016/1/26,47424400 
2016/1/25,58147000 
2016/1/24,59062400 
2016/1/23,54824800 
2016/1/22,56247400 
2016/1/21,91546600 
2016/1/20,68338000 
2016/1/19,121720000 
2016/1/18,46819800 
2016/1/17,54403900 
2016/1/16,45319600 
2016/1/15,120352000 
2016/1/14,153351008 
2016/1/13,43945500 
2016/1/12,173888000 
2016/1/11,115607000 
2016/1/10,40450000 
2016/1/9,35995900 
2016/1/8,32278000 
2016/1/7,56993000 
2016/1/6,87562200 
2016/1/5,34042500 
2016/1/4,34522600 
2016/1/3,38477500 
2016/1/2,39633800 
2016/1/1,30096600 
2015/12/31,36278900 
2015/12/30,45996600 
2015/12/29,46889400 
2015/12/28,51596500 
2015/12/27,49638600 
2015/12/26,53591200 
2015/12/25,116166000 
2015/12/24,39078500 
2015/12/23,57157200 
2015/12/22,47161400 
2015/12/21,50840400 
2015/12/20,77639696 
2015/12/19,75409400 
2015/12/18,47892700 
2015/12/17,60220100 
2015/12/16,47978400 
2015/12/15,107944000 
2015/12/14,83121104 
2015/12/13,130496000 
2015/12/12,55050600 
2015/12/11,131969000 
2015/12/10,110944000 
2015/12/9,52138900 
2015/12/8,90917200 
2015/12/7,57801400 
2015/12/6,63455800 
2015/12/5,77762000 
2015/12/4,66282200 
2015/12/3,35784100 
2015/12/2,50714900 
2015/12/1,54160500 
2015/11/30,60452200 
2015/11/29,71701600 
2015/11/28,40409300 
2015/11/27,36816600 
2015/11/26,55179100 
2015/11/25,106105000 
2015/11/24,41666900 
2015/11/23,29362600 
2015/11/22,27478900 
2015/11/21,23439400 
2015/11/20,28200500 
2015/11/19,53152900 
2015/11/18,45011100 
2015/11/17,43783800 
2015/11/16,51001600 
2015/11/15,47980100 
2015/11/14,44213100 
2015/11/13,38612000 
2015/11/12,52003000 
2015/11/11,78477800 
2015/11/10,107070000 
2015/11/9,95797904 
2015/11/8,68224400 
2015/11/7,51817600 
2015/11/6,56625100 
2015/11/5,122687000 
2015/11/4,151824992 
2015/11/3,263900000 
2015/11/2,206162000 
2015/11/1,101918000 
2015/10/31,37001100 
2015/10/30,48598100 
2015/10/29,78305000 
2015/10/28,64495900 
2015/10/27,50808100 
2015/10/26,46331800 
2015/10/25,32108800 
2015/10/24,45717100 
2015/10/23,25942400 
2015/10/22,29442500 
2015/10/21,37808600 
2015/10/20,25637300 
2015/10/19,30889800 
2015/10/18,25258800 
2015/10/17,22434300 
2015/10/16,43199600 
2015/10/15,35901500 
2015/10/14,25223500 
2015/10/13,27462600 
2015/10/12,28198500 
2015/10/11,17388300 
2015/10/10,16827300 
2015/10/9,15912700 
2015/10/8,17353100 
2015/10/7,18515300 
2015/10/6,22999200 
2015/10/5,27535100 
2015/10/4,23335900 
2015/10/3,12999000 
2015/10/2,16482700 
2015/10/1,19677900 
2015/9/30,20488800 
2015/9/29,19743500 
2015/9/28,22691300 
2015/9/27,24713000 
2015/9/26,14179900 
2015/9/25,13724100 
2015/9/24,22363600 
2015/9/23,25097800 
2015/9/22,17254100 
2015/9/21,25009300 
2015/9/20,19678800 
2015/9/19,14444700 
2015/9/18,12712600 
2015/9/17,20242200 
2015/9/16,18935400 
2015/9/15,20144200 
2015/9/14,19177800 
2015/9/13,20997800 
2015/9/12,18478800 
2015/9/11,17962600 
2015/9/10,19224700 
2015/9/9,21215500 
2015/9/8,23635700 
2015/9/7,26879200 
2015/9/6,21192200 
2015/9/5,25473700 
2015/9/4,20671400 
2015/9/3,20962400 
2015/9/2,17482000 
2015/9/1,18760400 
2015/8/31,20575200 
2015/8/30,20710700 
2015/8/29,19412600 
2015/8/28,17142500 
2015/8/27,31336600 
2015/8/26,21905400 
2015/8/25,31808000 
2015/8/24,61089200 
2015/8/23,59220700 
2015/8/22,18406600 
2015/8/21,23205900 
2015/8/20,23173800 
2015/8/19,32275000 
2015/8/18,60869200 
2015/8/17,42147200 
2015/8/16,21617900 
2015/8/15,29717000 
2015/8/14,19321100 
2015/8/13,27091200 
2015/8/12,27685500 
2015/8/11,26815400 
2015/8/10,25433900 
2015/8/9,20979400 
2015/8/8,23789600 
2015/8/7,58533000 
2015/8/6,42484800 
2015/8/5,18792100 
2015/8/4,20128000 
2015/8/3,21908700 
2015/8/2,21474100 
2015/8/1,17722200 
2015/7/31,18995000 
2015/7/30,23629100 
2015/7/29,21635800 
2015/7/28,24672600 
2015/7/27,25453600 
2015/7/26,30592000 
2015/7/25,16032300 
2015/7/24,20662200 
2015/7/23,37199400 
2015/7/22,18531300 
2015/7/21,19389800 
2015/7/20,22930700 
2015/7/19,22711400 
2015/7/18,15332500 
2015/7/17,25187100 
2015/7/16,27591400 
2015/7/15,49482600 
2015/7/14,27486600 
2015/7/13,28727200 
2015/7/12,62053900 
2015/7/11,56405000 
2015/7/10,41109900 
2015/7/9,100390000 
2015/7/8,40301200 
2015/7/7,36980200 
2015/7/6,28857600 
2015/7/5,49154800 
2015/7/4,44156100 
2015/7/3,15620400 
2015/7/2,19033800 
2015/7/1,21551900 
2015/6/30,27029800 
2015/6/29,44533800 
2015/6/28,34742900 
2015/6/27,15137600 
2015/6/26,20488600 
2015/6/25,13983500 
2015/6/24,16133100 
2015/6/23,17344900 
2015/6/22,15108700 
2015/6/21,17692500 
2015/6/20,10600900 
2015/6/19,20608100 
2015/6/18,23965300 
2015/6/17,30980200 
2015/6/16,43858400 
2015/6/15,41612000 
2015/6/14,19912100 
2015/6/13,12165900 
2015/6/12,13305300 
2015/6/11,14017700 
2015/6/10,14416000 
2015/6/9,15904800 
2015/6/8,28353100 
2015/6/7,23378400 
2015/6/6,13318400 
2015/6/5,11131500 
2015/6/4,18056500 
2015/6/3,14728100 
2015/6/2,17752400 
2015/6/1,20459000 
2015/5/31,26090500 
2015/5/30,14730800 
2015/5/29,14098600 
2015/5/28,14805000 
2015/5/27,13829600 
2015/5/26,18837000 
2015/5/25,16425000 
2015/5/24,14423900 
2015/5/23,11508000 
2015/5/22,14605000 
2015/5/21,27003000 
2015/5/20,15108900 
2015/5/19,15499400 
2015/5/18,14241900 
2015/5/17,16780300 
2015/5/16,11134300 
2015/5/15,11089700 
2015/5/14,16329400 
2015/5/13,24413700 
2015/5/12,27180100 
2015/5/11,19282600 
2015/5/10,20892300 
2015/5/9,15019100 
2015/5/8,19790500 
2015/5/7,27445500 
2015/5/6,29064400 
2015/5/5,29587200 
2015/5/4,23929100 
2015/5/3,21223400 
2015/5/2,18494100 
2015/5/1,12535500 
2015/4/30,18815300 
2015/4/29,33818600 
2015/4/28,18936500 
2015/4/27,21469200 
2015/4/26,38574000 
2015/4/25,28943700 
2015/4/24,13957200 
2015/4/23,21448700 
2015/4/22,17036000 
2015/4/21,23847900 
2015/4/20,24978000 
2015/4/19,18364700 
2015/4/18,15021500 
2015/4/17,12939000 
2015/4/16,20429800 
2015/4/15,24805400 
2015/4/14,22562000 
2015/4/13,31719000 
2015/4/12,31181800 
2015/4/11,12387900 
2015/4/10,16365200 
2015/4/9,28882000 
2015/4/8,21643500 
2015/4/7,30086400 
2015/4/6,18467400 
2015/4/5,20034200 
2015/4/4,19649200 
2015/4/3,12493500 
2015/4/2,23146600 
2015/4/1,26272600 
2015/3/31,22877200 
2015/3/30,22672000 
2015/3/29,23009600 
2015/3/28,21699400 
2015/3/27,16040900 
2015/3/26,17274900 
2015/3/25,25730000 
2015/3/24,35866900 
2015/3/23,40073700 
2015/3/22,22811900 
2015/3/21,18438100 
2015/3/20,17130100 
2015/3/19,18456700 
2015/3/18,52732000 
2015/3/17,57008000 
2015/3/16,21497200 
2015/3/15,21516100 
2015/3/14,11970100 
2015/3/13,22612300 
2015/3/12,31421500 
2015/3/11,32585200 
2015/3/10,33963900 
2015/3/9,67770800 
2015/3/8,59178200 
2015/3/7,22067900 
2015/3/6,17825900 
2015/3/5,28918900 
2015/3/4,41302400 
2015/3/3,41383000 
2015/3/2,50461300 
2015/3/1,40465700 
2015/2/28,25213700 
2015/2/27,13949300 
2015/2/26,44013900 
2015/2/25,13619400 
2015/2/24,11496200 
2015/2/23,14200400 
2015/2/22,16400000 
2015/2/21,19527000 
2015/2/20,12284200 
2015/2/19,23876700 
2015/2/18,18270500 
2015/2/17,25200800 
2015/2/16,27363100 
2015/2/15,28153700 
2015/2/14,56552400 
2015/2/13,49732500 
2015/2/12,42744400 
2015/2/11,15206200 
2015/2/10,17201900 
2015/2/9,21115100 
2015/2/8,27791300 
2015/2/7,17145200 
2015/2/6,21604200 
2015/2/5,24435300 
2015/2/4,22516400 
2015/2/3,26594300 
2015/2/2,40783700 
2015/2/1,30612100 
2015/1/31,29128500 
2015/1/30,23348200 
2015/1/29,26605200 
2015/1/28,32213400 
2015/1/27,44352200 
2015/1/26,44399000 
2015/1/25,106794000 
2015/1/24,33582700 
2015/1/23,24782500 
2015/1/22,24621700 
2015/1/21,33544600 
2015/1/20,29924600 
2015/1/19,24051100 
2015/1/18,18658300 
2015/1/17,30085100 
2015/1/16,23469700 
2015/1/15,38421000 
2015/1/14,81773504 
2015/1/13,97638704 
2015/1/12,72843904 
2015/1/11,18880300 
2015/1/10,18200800 
2015/1/9,15264300 
2015/1/8,18718600 
2015/1/7,19982500 
2015/1/6,24866800 
2015/1/5,23245700 
2015/1/4,43962800 
2015/1/3,55629100 
2015/1/2,33054400 
2015/1/1,7860650 
2014/12/31,8036550 
2014/12/30,13942900 
2014/12/29,12528300 
2014/12/28,12302500 
2014/12/27,11676600 
2014/12/26,15185200 
2014/12/25,16410500 
2014/12/24,9883640 
2014/12/23,15092300 
2014/12/22,16574200 
2014/12/21,22315100 
2014/12/20,15207600 
2014/12/19,20856700 
2014/12/18,23823100 
2014/12/17,39173000 
2014/12/16,37567900 
2014/12/15,30864900 
2014/12/14,17264200 
2014/12/13,12415200 
2014/12/12,11675900 
2014/12/11,16989800 
2014/12/10,32431300 
2014/12/9,16427700 
2014/12/8,32915500 
2014/12/7,18898700 
2014/12/6,6491650 
2014/12/5,7009320 
2014/12/4,15181800 
2014/12/3,14529600 
2014/12/2,13340100 
2014/12/1,12364100 
2014/11/30,11763000 
2014/11/29,9194440 
2014/11/28,15375600 
2014/11/27,22946500 
2014/11/26,8748030 
2014/11/25,18601700 
2014/11/24,25442200 
2014/11/23,30930100 
2014/11/22,15151600 
2014/11/21,15273000 
2014/11/20,29850100 
2014/11/19,25233200 
2014/11/18,18931800 
2014/11/17,32222500 
2014/11/16,41518800 
2014/11/15,11905600 
2014/11/14,15727500 
2014/11/13,29589200 
2014/11/12,58945000 
2014/11/11,45783200 
2014/11/10,15838900 
2014/11/9,30450100 
2014/11/8,24205600 
2014/11/7,8535470 
2014/11/6,16834200 
2014/11/5,18797000 
2014/11/4,19817200 
2014/11/3,15655500 
2014/11/2,12948500 
2014/11/1,8603620 
2014/10/31,16677200 
2014/10/30,12545400 
2014/10/29,30177900 
2014/10/28,18192700 
2014/10/27,7845880 
2014/10/26,13033000 
2014/10/25,11272500 
2014/10/24,18127500 
2014/10/23,15585700 
2014/10/22,26456900 
2014/10/21,11641300 
2014/10/20,14188900 
2014/10/19,16419000 
2014/10/18,5914570 
2014/10/17,11416800 
2014/10/16,13600700 
2014/10/15,26990000 
2014/10/14,25267100 
2014/10/13,38491500 
2014/10/12,35221400 
2014/10/11,17552800 
2014/10/10,13345200 
2014/10/9,43665700 
2014/10/8,83641104 
2014/10/7,54736300 
2014/10/6,49199900 
2014/10/5,79011800 
2014/10/4,83308096 
2014/10/3,47236500 
2014/10/2,30901200 
2014/10/1,21777700 
2014/9/30,26229400 
2014/9/29,34707300 
2014/9/28,32497700 
2014/9/27,23613300 
2014/9/26,15029300 
2014/9/25,21460800 
2014/9/24,26814400 
2014/9/23,30627700 
2014/9/22,45099500 
2014/9/21,24127600 
2014/9/20,26580100 
2014/9/19,36863600 
2014/9/18,37919700 
2014/9/17,34483200 
2014/9/16,21056800 
2014/9/15,16797300 
2014/9/14,15345200 
2014/9/13,13105500 
2014/9/12,15588000 
2014/9/11,15437200 
2014/9/10,16852900 
2014/9/9,22787800 
2014/9/8,21447800 
2014/9/7,30238000 
2014/9/6,8994050 
2014/9/5,10601400 
2014/9/4,15302500 
2014/9/3,26081400 
2014/9/2,13342200 
2014/9/1,23337900 
2014/8/31,20432000 
2014/8/30,44632300 
2014/8/29,9424070 
2014/8/28,17624800 
2014/8/27,19862000 
2014/8/26,22648500 
2014/8/25,23235100 
2014/8/24,18356700 
2014/8/23,19441700 
2014/8/22,25171900 
2014/8/21,36563900 
2014/8/20,49444200 
2014/8/19,46527600 
2014/8/18,38422400 
2014/8/17,50783800 
2014/8/16,24300900 
2014/8/15,22832500 
2014/8/14,25598300 
2014/8/13,35803900 
2014/8/12,25777500 
2014/8/11,13978200 
2014/8/10,14764200 
2014/8/9,7555310 
2014/8/8,7922070 
2014/8/7,11072000 
2014/8/6,11131400 
2014/8/5,14497900 
2014/8/4,10790800 
2014/8/3,9867570 
2014/8/2,9917990 
2014/8/1,8359080 
2014/7/31,18215900 
2014/7/30,22467900 
2014/7/29,14898800 
2014/7/28,11275400 
2014/7/27,19316400 
2014/7/26,7774230 
2014/7/25,10752900 
2014/7/24,12279500 
2014/7/23,20917200 
2014/7/22,11056600 
2014/7/21,9602880 
2014/7/20,10711900 
2014/7/19,5760120 
2014/7/18,7222030 
2014/7/17,14158100 
2014/7/16,16576700 
2014/7/15,13182400 
2014/7/14,10873200 
2014/7/13,12706800 
2014/7/12,11291000 
2014/7/11,13329000 
2014/7/10,16467100 
2014/7/9,15880700 
2014/7/8,9819150 
2014/7/7,10005500 
2014/7/6,17813600 
2014/7/5,10080000 
2014/7/4,9105940 
2014/7/3,22237200 
2014/7/2,18949000 
2014/7/1,25768200 
2014/6/30,38446300 
2014/6/29,46422400 
2014/6/28,8897470 
2014/6/27,13398100 
2014/6/26,20814600 
2014/6/25,14655900 
2014/6/24,20687700 
2014/6/23,14144900 
2014/6/22,14053800 
2014/6/21,10877700 
2014/6/20,9256290 
2014/6/19,18134100 
2014/6/18,12803800 
2014/6/17,17862000 
2014/6/16,18597300 
2014/6/15,28677500 
2014/6/14,23580900 
2014/6/13,38481200 
2014/6/12,35700700 
2014/6/11,50818800 
2014/6/10,25163800 
2014/6/9,17913400 
2014/6/8,19065400 
2014/6/7,8614190 
2014/6/6,15855300 
2014/6/5,18680100 
2014/6/4,29621300 
2014/6/3,37731500 
2014/6/2,40653700 
2014/6/1,45450200 
2014/5/31,45259100 
2014/5/30,15107100 
2014/5/29,31985400 
2014/5/28,18707800 
2014/5/27,19289000 
2014/5/26,38032000 
2014/5/25,29959800 
2014/5/24,47010300 
2014/5/23,11499300 
2014/5/22,34934700 
2014/5/21,33086500 
2014/5/20,14626000 
2014/5/19,40327500 
2014/5/18,6242620 
2014/5/17,2857830 
2014/5/16,2945790 
2014/5/15,6475100 
2014/5/14,7362980 
2014/5/13,9472960 
2014/5/12,7682670 
2014/5/11,7383770 
2014/5/10,12251700 
2014/5/9,6682600 
2014/5/8,10347900 
2014/5/7,9446580 
2014/5/6,18332200 
2014/5/5,12507300 
2014/5/4,10004800 
2014/5/3,5621260 
2014/5/2,9849640 
2014/5/1,10394200 
2014/4/30,12871800 
2014/4/29,15244900 
2014/4/28,16401400 
2014/4/27,23876600 
2014/4/26,10949500 
2014/4/25,12214600 
2014/4/24,46856500 
2014/4/23,13009400 
2014/4/22,9814530 
2014/4/21,11670900 
2014/4/20,15171400 
2014/4/19,12103100 
2014/4/18,19588200 
2014/4/17,19042400 
2014/4/16,34025500 
2014/4/15,56480100 
2014/4/14,49561000 
2014/4/13,50730200 
2014/4/12,22493500 
2014/4/11,19226500 
2014/4/10,62562800 
2014/4/9,55868300 
2014/4/8,13204400 
2014/4/7,10921600 
2014/4/6,15616600 
2014/4/5,10241400 
2014/4/4,13404500 
2014/4/3,22925500 
2014/4/2,40765500 
2014/4/1,49647600 
2014/3/31,35685800 
2014/3/30,28254000 
2014/3/29,42958300 
2014/3/28,11147100 
2014/3/27,58828300 
2014/3/26,62225400 
2014/3/25,16401100 
2014/3/24,14020100 
2014/3/23,22706900 
2014/3/22,9288400 
2014/3/21,17360700 
2014/3/20,38414100 
2014/3/19,20572900 
2014/3/18,14228900 
2014/3/17,24011500 
2014/3/16,14648200 
2014/3/15,5277290 
2014/3/14,4342080 
2014/3/13,11913800 
2014/3/12,11634900 
2014/3/11,18621200 
2014/3/10,11732500 
2014/3/9,20639800 
2014/3/8,15396500 
2014/3/7,18654200 
2014/3/6,34150800 
2014/3/5,16068100 
2014/3/4,22461900 
2014/3/3,55344600 
2014/3/2,96056896 
2014/3/1,7950760 
2014/2/28,18668100 
2014/2/27,28076100 
2014/2/26,25540800 
2014/2/25,64642700 
2014/2/24,126314000 
2014/2/23,57893900 
2014/2/22,31434400 
2014/2/21,31254000 
2014/2/20,47308100 
2014/2/19,46905000 
2014/2/18,13897800 
2014/2/17,20015100 
2014/2/16,31948400 
2014/2/15,40061700 
2014/2/14,26709200 
2014/2/13,102506000 
2014/2/12,38588100 
2014/2/11,25367600 
2014/2/10,72745200 
2014/2/9,112758000 
2014/2/8,39311400 
2014/2/7,38742600 
2014/2/6,113643000 
2014/2/5,50108700 
2014/2/4,22395100 
2014/2/3,16609700 
2014/2/2,13940100 
2014/2/1,11300900 
2014/1/31,19668700 
2014/1/30,17107900 
2014/1/29,29918200 
2014/1/28,17984400 
2014/1/27,44875500 
2014/1/26,49233600 
2014/1/25,32224300 
2014/1/24,24303900 
2014/1/23,34912000 
2014/1/22,15607100 
2014/1/21,18453700 
2014/1/20,18997300 
2014/1/19,27652700 
2014/1/18,24365700 
2014/1/17,18052700 
2014/1/16,39031700 
2014/1/15,19149300 
2014/1/14,28107200 
2014/1/13,20829800 
2014/1/12,45580900 
2014/1/11,39623500 
2014/1/10,44754200 
2014/1/9,31876800 
2014/1/8,59998600 
2014/1/7,74175600 
2014/1/6,81311696 
2014/1/5,85565696 
2014/1/4,72898496 
2014/1/3,38005000 
2014/1/2,37810100 
2014/1/1,38489500 
2013/12/31,22489400 
2013/12/30,20897300 
2013/12/29,20707700 
2013/12/28,19011300 
2013/12/27,32505800 
2013/12/26,46862700 
2013/12/25,0 
2013/12/24,0 
2013/12/23,0 
2013/12/22,0 
2013/12/21,0 
2013/12/20,0 
2013/12/19,0 
2013/12/18,0 
2013/12/17,0 
2013/12/16,0 
2013/12/15,0 
2013/12/14,0 
2013/12/13,0 
2013/12/12,0 
2013/12/11,0 
2013/12/10,0 
2013/12/9,0 
2013/12/8,0 
2013/12/7,0 
2013/12/6,0 
2013/12/5,0 
2013/12/4,0 
2013/12/3,0 
2013/12/2,0 
2013/12/1,0 
2013/11/30,0 
2013/11/29,0 
2013/11/28,0 
2013/11/27,0 
2013/11/26,0 
2013/11/25,0 
2013/11/24,0 
2013/11/23,0 
2013/11/22,0 
2013/11/21,0 
2013/11/20,0 
2013/11/19,0 
2013/11/18,0 
2013/11/17,0 
2013/11/16,0 
2013/11/15,0 
2013/11/14,0 
2013/11/13,0 
2013/11/12,0 
2013/11/11,0 
2013/11/10,0 
2013/11/9,0 
2013/11/8,0 
2013/11/7,0 
2013/11/6,0 
2013/11/5,0 
2013/11/4,0 
2013/11/3,0 
2013/11/2,0 
2013/11/1,0 
2013/10/31,0 
2013/10/30,0 
2013/10/29,0 
2013/10/28,0 
2013/10/27,0 
2013/10/26,0 
2013/10/25,0 
2013/10/24,0 
2013/10/23,0 
2013/10/22,0 
2013/10/21,0 
2013/10/20,0 
2013/10/19,0 
2013/10/18,0 
2013/10/17,0 
2013/10/16,0 
2013/10/15,0 
2013/10/14,0 
2013/10/13,0 
2013/10/12,0 
2013/10/11,0 
2013/10/10,0 
2013/10/9,0 
2013/10/8,0 
2013/10/7,0 
2013/10/6,0 
2013/10/5,0 
2013/10/4,0 
2013/10/3,0 
2013/10/2,0 
2013/10/1,0 
2013/9/30,0 
2013/9/29,0 
2013/9/28,0 
2013/9/27,0 
2013/9/26,0 
2013/9/25,0 
2013/9/24,0 
2013/9/23,0 
2013/9/22,0 
2013/9/21,0 
2013/9/20,0 
2013/9/19,0 
2013/9/18,0 
2013/9/17,0 
2013/9/16,0 
2013/9/15,0 
2013/9/14,0 
2013/9/13,0 
2013/9/12,0 
2013/9/11,0 
2013/9/10,0 
2013/9/9,0 
2013/9/8,0 
2013/9/7,0 
2013/9/6,0 
2013/9/5,0 
2013/9/4,0 
2013/9/3,0 
2013/9/2,0 
2013/9/1,0 
2013/8/31,0 
2013/8/30,0 
2013/8/29,0 
2013/8/28,0 
2013/8/27,0 
2013/8/26,0 
2013/8/25,0 
2013/8/24,0 
2013/8/23,0 
2013/8/22,0 
2013/8/21,0 
2013/8/20,0 
2013/8/19,0 
2013/8/18,0 
2013/8/17,0 
2013/8/16,0 
2013/8/15,0 
2013/8/14,0 
2013/8/13,0 
2013/8/12,0 
2013/8/11,0 
2013/8/10,0 
2013/8/9,0 
2013/8/8,0 
2013/8/7,0 
2013/8/6,0 
2013/8/5,0 
2013/8/4,0 
2013/8/3,0 
2013/8/2,0 
2013/8/1,0 
2013/7/31,0 
2013/7/30,0 
2013/7/29,0 
2013/7/28,0 
2013/7/27,0 
2013/7/26,0 
2013/7/25,0 
2013/7/24,0 
2013/7/23,0 
2013/7/22,0 
2013/7/21,0 
2013/7/20,0 
2013/7/19,0 
2013/7/18,0 
2013/7/17,0 
2013/7/16,0 
2013/7/15,0 
2013/7/14,0 
2013/7/13,0 
2013/7/12,0 
2013/7/11,0 
2013/7/10,0 
2013/7/9,0 
2013/7/8,0 
2013/7/7,0 
2013/7/6,0 
2013/7/5,0 
2013/7/4,0 
2013/7/3,0 
2013/7/2,0 
2013/7/1,0 
2013/6/30,0 
2013/6/29,0 
2013/6/28,0 
2013/6/27,0 
2013/6/26,0 
2013/6/25,0 
2013/6/24,0 
2013/6/23,0 
2013/6/22,0 
2013/6/21,0 
2013/6/20,0 
2013/6/19,0 
2013/6/18,0 
2013/6/17,0 
2013/6/16,0 
2013/6/15,0 
2013/6/14,0 
2013/6/13,0 
2013/6/12,0 
2013/6/11,0 
2013/6/10,0 
2013/6/9,0 
2013/6/8,0 
2013/6/7,0 
2013/6/6,0 
2013/6/5,0 
2013/6/4,0 
2013/6/3,0 
2013/6/2,0 
2013/6/1,0 
2013/5/31,0 
2013/5/30,0 
2013/5/29,0 
2013/5/28,0 
2013/5/27,0 
2013/5/26,0 
2013/5/25,0 
2013/5/24,0 
2013/5/23,0 
2013/5/22,0 
2013/5/21,0 
2013/5/20,0 
2013/5/19,0 
2013/5/18,0 
2013/5/17,0 
2013/5/16,0 
2013/5/15,0 
2013/5/14,0 
2013/5/13,0 
2013/5/12,0 
2013/5/11,0 
2013/5/10,0 
2013/5/9,0 
2013/5/8,0 
2013/5/7,0 
2013/5/6,0 
2013/5/5,0 
2013/5/4,0 
2013/5/3,0 
2013/5/2,0 
2013/5/1,0 
2013/4/30,0 
2013/4/29,0 